[{
    "id": "1",
    "img": "assets/images/user/user1.jpg",
    "name": "Sarah Smith",
    "title": "Develop angular project",
    "done": true,
    "note": "note details",
    "priority": "High",
    "due_date": "2018-02-25T14:22:18Z"
  },
  {
    "id": "2",
    "img": "assets/images/user/user2.jpg",
    "name": "John Deo",
    "title": "File not found exception solve",
    "done": false,
    "note": "note details",
    "priority": "High",
    "due_date": "2018-02-25T14:22:18Z"
  },
  {
    "id": "3",
    "img": "assets/images/user/user3.jpg",
    "name": "Jens Brincker",
    "title": "Test project and find bug",
    "done": false,
    "note": "note details",
    "priority": "Low",
    "due_date": "2018-02-25T14:22:18Z"
  },
  {
    "id": "4",
    "img": "assets/images/user/user4.jpg",
    "name": "Mark Hay",
    "title": "Image not found error",
    "done": true,
    "note": "note details",
    "priority": "Normal",
    "due_date": "2018-02-25T14:22:18Z"
  },
  {
    "id": "5",
    "img": "assets/images/user/user5.jpg",
    "name": "Anthony Davie",
    "title": "Solve client error in form",
    "done": false,
    "note": "note details",
    "priority": "High",
    "due_date": "2018-02-25T14:22:18Z"
  },
  {
    "id": "6",
    "img": "assets/images/user/user6.jpg",
    "name": "Sue Woodger",
    "title": "Tab button is flickering on hover",
    "done": false,
    "note": "note details",
    "priority": "Normal",
    "due_date": "2018-02-25T14:22:18Z"
  },
  {
    "id": "7",
    "img": "assets/images/user/user7.jpg",
    "name": "John Deo",
    "title": "Chart responsive issue solve",
    "done": true,
    "note": "note details",
    "priority": "High",
    "due_date": "2018-02-25T14:22:18Z"
  },
  {
    "id": "8",
    "img": "assets/images/user/user8.jpg",
    "name": "Jens Brincker",
    "title": "Web service data load issue",
    "done": false,
    "note": "note details",
    "priority": "High",
    "due_date": "2018-02-25T14:22:18Z"
  },
  {
    "id": "9",
    "img": "assets/images/user/user9.jpg",
    "name": "Sarah Smith",
    "title": "Java compile error",
    "done": false,
    "note": "note details",
    "priority": "Low",
    "due_date": "2018-02-25T14:22:18Z"
  },
  {
    "id": "10",
    "img": "assets/images/user/user10.jpg",
    "name": "Mark Hay",
    "title": "Integrate project with spring boot",
    "done": true,
    "note": "note details",
    "priority": "High",
    "due_date": "2018-02-25T14:22:18Z"
  },
  {
    "id": "11",
    "img": "assets/images/user/user1.jpg",
    "name": "John Deo",
    "title": "Update latest angular version",
    "done": false,
    "note": "note details",
    "priority": "High",
    "due_date": "2018-02-25T14:22:18Z"
  },
  {
    "id": "12",
    "img": "assets/images/user/user2.jpg",
    "name": "Jens Brincker",
    "title": "Integrate lazy loading on project",
    "done": false,
    "note": "note details",
    "priority": "Normal",
    "due_date": "2018-02-25T14:22:18Z"
  },
  {
    "id": "13",
    "img": "assets/images/user/user3.jpg",
    "name": "Mark Hay",
    "title": "js file not load properly",
    "done": true,
    "note": "note details",
    "priority": "Normal",
    "due_date": "2018-02-25T14:22:18Z"
  },
  {
    "id": "14",
    "img": "assets/images/user/user4.jpg",
    "name": "Anthony Davie",
    "title": "need to change color of table",
    "done": false,
    "note": "note details",
    "priority": "Normal",
    "due_date": "2018-02-25T14:22:18Z"
  },
  {
    "id": "15",
    "img": "assets/images/user/user5.jpg",
    "name": "Sue Woodger",
    "title": "modal window select item issue",
    "done": false,
    "note": "note details",
    "priority": "Low",
    "due_date": "2018-02-25T14:22:18Z"
  }]